"disp_group","predictor","coefficient","rank"
"admit","CAUSE1_Y075",6.01061306918988,1
"admit","O80_no",5.2637048676716,2
"admit","hospcode_168",-3.60446867586963,3
"admit","hospcode_160",-3.53419269801049,4
"admit","K358_no",3.31604852280541,5
"admit","K566_no",3.17475955791378,6
"admit","CAUSE3_Y074",3.13251165604489,7
"admit","T814_no",3.11292413855797,8
"admit","R188_yes",2.6123432539229,9
"admit","CAUSE1_V865",2.48898022335979,10
"admit","hospcode_113",-2.48483183804704,11
"admit","CAUSE2_W011",2.45884123795054,12
"admit","CAUSE1_X788",-2.43005249251801,13
"admit","hospcode_32",2.35345095536332,14
"admit","hospcode_47",-2.30934717067453,15
"admit","T189_no",2.30793984448034,16
"admit","hospcode_166",-2.30731558193956,17
"admit","hospcode_93",-2.12943276021313,18
"admit","CAUSE1_V294",2.09347138779398,19
"admit","CAUSE2_Y074",2.03699957495386,20
"admit","CAUSE1_W340",2.01128329234649,21
"admit","hospcode_99",-1.98297374440775,22
"admit","CAUSE1_V436",1.96638148875971,23
"admit","hospcode_105",-1.95113355858652,24
"admit","LUMBAR",-1.87812060408094,25
"admit","T404_no",1.81181608506344,26
"admit","J690_no",1.74903055773486,27
"admit","hospcode_60",-1.74844606579248,28
"admit","K358_yes",1.74633299701978,29
"admit","hospcode_62",1.72858570635247,30
"admit","R788_no",1.72657508394619,31
"admit","hospcode_2",1.65442003947793,32
"admit","G934_no",1.63718237428201,33
"admit","hospcode_52",-1.58618085480942,34
"admit","hospcode_69",1.57021380395981,35
"admit","L089_no",1.55237843795583,36
"admit","hospcode_157",1.50324604654856,37
"admit","T424_no",1.49966280741269,38
"admit","hospcode_28",1.49038424368614,39
"admit","L031_yes",1.48437487729761,40
"admit","A419_no",1.42619600788269,41
"admit","CAUSE1_Y839",1.4138155275218,42
"admit","(Intercept)",-1.38683172098638,43
"admit","CAUSE2_Y93H",1.3596825413806,44
"admit","hospcode_125",-1.35776252702471,45
"admit","I269_no",1.34840173510322,46
"admit","K37_no",1.34726090974889,47
"admit","hospcode_153",-1.30483071192452,48
"admit","CAUSE1_V834",1.26863605135368,49
"admit","hospcode_40",-1.2173985792327,50
"admit","CAUSE1_X838",1.20545623767125,51
"admit","hospcode_49",-1.20470699026205,52
"admit","hospcode_131",-1.17129890611009,53
"admit","I639_no",1.13266133717396,54
"admit","hospcode_144",-1.12159674065389,55
"admit","CAUSE3_Y921",-1.11759565980336,56
"admit","cc_Eye_dz",1.11350377335197,57
"admit","ENDOINT",1.09250637707234,58
"admit","U071_yes",-1.08382829175053,59
"admit","E279_no",1.06383119369832,60
"admit","IMMEDR_Semi_urgent",-1.05164052585841,61
"admit","hospcode_115",-1.04063896020948,62
"admit","G439_no",-1.01441891260737,63
"admit","hospcode_39",-1.00920708872061,64
"admit","hospcode_70",-0.993732473678163,65
"admit","hospcode_171",0.984118914918878,66
"admit","F121_no",-0.980127991990383,67
"admit","hospcode_18",0.972956435587809,68
"admit","hospcode_143",0.971882085387674,69
"admit","hospcode_98",-0.966544877816775,70
"admit","hospcode_15",-0.956920931592816,71
"admit","S824_no",0.937891126889521,72
"admit","hospcode_145",-0.935755104995078,73
"admit","hospcode_108",-0.928105525296367,74
"admit","hospcode_31",-0.925707315105238,75
"admit","CAUSE2_Y076",-0.917293638806563,76
"admit","CAUSE1_V877",0.875360349544707,77
"admit","L031_no",0.852263389638306,78
"admit","hospcode_158",0.850942982393246,79
"admit","IMMEDR_Emergent",0.846794149575637,80
"admit","hospcode_141",0.846608948428711,81
"admit","IMMEDR_Immediate",0.842359432182048,82
"admit","`AGER_75 years and over`",0.829770016337522,83
"admit","hospcode_73",0.809218815071199,84
"admit","CAUSE1_V039",0.787705671442459,85
"admit","CAUSE1_V279",0.768805027298971,86
"admit","IVFLUIDS",0.756774565091117,87
"admit","R188_no",0.74041911120346,88
"admit","K859_no",0.739076771076094,89
"admit","T814_yes",0.728438857170807,90
"admit","cc_Test_results",0.726771147690844,91
"admit","hospcode_140",0.717723442262325,92
"admit","CAUSE1_W181",0.712573633473922,93
"admit","PELVIC",0.707512442195426,94
"admit","hospcode_95",-0.697038397138595,95
"admit","I509_no",0.692540254267018,96
"admit","hospcode_88",-0.681166240824907,97
"admit","hospcode_72",0.67809574075043,98
"admit","hospcode_121",0.664879697824766,99
"admit","hospcode_91",0.656689126196809,100
"admit","hospcode_110",0.639397509287642,101
"admit","CAUSE1_V918",0.638827057849875,102
"admit","hospcode_12",0.63412138859119,103
"admit","hospcode_151",-0.627899013823401,104
"admit","U071_no",0.627542165075067,105
"admit","hospcode_124",0.611687193899025,106
"admit","SUTURE",-0.608910996637765,107
"admit","R569_no",0.606437287069444,108
"admit","ARREMS",0.603930808650209,109
"admit","CAUSE3_Y990",0.599550039891002,110
"admit","J111_no",-0.587380849745837,111
"admit","hospcode_135",-0.578539217580382,112
"admit","hospcode_178",0.577432498849475,113
"admit","CAUSE2_X789",-0.577301960407792,114
"admit","hospcode_184",-0.572993036442889,115
"admit","hospcode_55",-0.56789855803435,116
"admit","IMMEDR_Missing",0.5622201672652,117
"admit","hospcode_75",-0.55497508038212,118
"admit","CAUSE1_Y838",0.554674770080736,119
"admit","R418_no",0.55050029385668,120
"admit","CAUSE1_X101",0.545802750184728,121
"admit","hospcode_45",0.53325111937581,122
"admit","CAUSE1_V485",0.53115870784125,123
"admit","F29_no",0.530859339423157,124
"admit","cc_Social_counseling",-0.530076622553532,125
"admit","hospcode_71",0.520762753394307,126
"admit","I639_yes",0.514741915310915,127
"admit","bedreg",0.51406246776903,128
"admit","cc_Therapy_specific",-0.51089636242034,129
"admit","`AGER_Under 15 years`",-0.510187115797007,130
"admit","hospcode_185",-0.489098476461161,131
"admit","CEBVD",0.487987580424403,132
"admit","hospcode_147",0.480955267776912,133
"admit","obsphysun_yes",-0.463814067687711,134
"admit","`PAYTYPER_No charge/Charity`",-0.461219540504106,135
"admit","MSA",0.449035118895499,136
"admit","N133_no",0.445899578627581,137
"admit","CAUSE1_W57X",-0.444273796253078,138
"admit","hospcode_59",0.440755230030333,139
"admit","`AGER_65_74 years`",0.43979778370203,140
"admit","hospcode_132",-0.428403764254171,141
"admit","hospcode_183",0.42391504527259,142
"admit","INTENT15_Intentional",-0.418409037339255,143
"admit","CAUSE1_W182",-0.417365082590285,144
"admit","DIABTYP2",0.416298757813004,145
"admit","CAUSE1_Y93H",0.408109248213089,146
"admit","cc_Respiratory_dz",-0.380787185439295,147
"admit","hospcode_41",0.380241080178421,148
"admit","`PAYTYPER_All sources of payment are blank`",-0.376768752182949,149
"admit","CAUSE1_V008",0.369258975628122,150
"admit","ETOHAB",0.362945189236936,151
"admit","hospcode_29",-0.35689399859924,152
"admit","CKD",0.349130703994491,153
"admit","OBESITY",0.345192658975083,154
"admit","CHF",0.338108270242545,155
"admit","hospcode_35",-0.334233932440113,156
"admit","NOCHRON",-0.333743872851316,157
"admit","hospcode_24",0.321413879824187,158
"admit","hospcode_163",0.311751607519147,159
"admit","beddata_instant",0.307266155941111,160
"admit","hospcode_96",-0.304129253312919,161
"admit","BPAP",0.30348158378594,162
"admit","CAUSE1_X959",0.288001542440251,163
"admit","ESRD",0.277237179975327,164
"admit","T828_no",-0.273877126990597,165
"admit","cc_Poisoning",-0.272437391384929,166
"admit","CAUSE2_W010",-0.263891033798711,167
"admit","R202_no",0.259618085531872,168
"admit","hospcode_138",0.259402512032915,169
"admit","CAUSE1_V800",0.25769286087774,170
"admit","hospcode_50",-0.256144011830078,171
"admit","n_med_er",0.253533592314433,172
"admit","HTN",0.253520444951121,173
"admit","B192_no",-0.251225662954202,174
"admit","hospcode_117",0.250279555842928,175
"admit","CAUSE1_Y998",-0.241282891369857,176
"admit","hospcode_10",-0.231632693223814,177
"admit","hospcode_177",-0.22532520128791,178
"admit","SUBSTAB",-0.225049213862559,179
"admit","hospcode_139",0.223478128401918,180
"admit","region_south",-0.222682837589748,181
"admit","PROC",0.216692977246843,182
"admit","hospcode_30",0.209697306454745,183
"admit","CAUSE1_Y836",0.208906821076761,184
"admit","hospcode_6",0.20840224342218,185
"admit","CAUSE2_Y075",0.203523601956226,186
"admit","BLADCATH",0.202172455974224,187
"admit","`RACEUN_Asian Only`",0.201178917942625,188
"admit","R098_no",-0.198629313175963,189
"admit","cc_Infectious_dz",0.194863228853082,190
"admit","VMONTH_October",0.194697271823362,191
"admit","CAUSE1_W178",0.194256893493653,192
"admit","cc_Exam_general",0.193089703607234,193
"admit","CANCER",0.186489201309232,194
"admit","hospcode_186",0.185434483891382,195
"admit","hospcode_130",-0.169341677525158,196
"admit","S060_no",-0.169122640235303,197
"admit","PAYTYPER_Self_pay",-0.168953163516161,198
"admit","IMMEDR_Nonurgent",-0.159255937540655,199
"admit","physpractria",0.151479802178249,200
"admit","COPD",0.14296576865949,201
"admit","CAUSE1_X500",0.140398928001112,202
"admit","cc_Circulatory_dz",0.139857769435668,203
"admit","cc_Neoplasms",0.133985998687191,204
"admit","hospcode_112",0.132489992263396,205
"admit","cc_Mental_dz",0.132209507487453,206
"admit","hospcode_170",0.129725465246956,207
"admit","K579_no",0.128165749109277,208
"admit","hospcode_57",0.12419460526589,209
"admit","CAUSE1_W268",-0.118729876707598,210
"admit","hospcode_152",-0.117300949180459,211
"admit","VMONTH_August",-0.111353753318464,212
"admit","N832_yes",0.111126159014261,213
"admit","hospcode_129",-0.108191467758654,214
"admit","cc_Preventive",-0.0986340383338635,215
"admit","hospcode_19",0.0982737842915706,216
"admit","`AGER_25_44 years`",-0.0971151392286507,217
"admit","ASTHMA",-0.0958813484117676,218
"admit","TOTPROC",0.0908292979451033,219
"admit","cc_Med_counseling",0.086260450395705,220
"admit","`RACEUN_More than one race reported`",0.0844187920557258,221
"admit","CAUSE2_Y935",0.0842869702670273,222
"admit","hospcode_150",0.0824330480677395,223
"admit","hospcode_79",0.0796329576769526,224
"admit","DEPRN",0.078338396199008,225
"admit","hospcode_87",0.0752914547734076,226
"admit","`RACEUN_Black/African American Only`",-0.0704073003616769,227
"admit","HYPLIPID",0.0597466201555374,228
"admit","VDAYR_Thursday",0.058350655207162,229
"admit","admdiv",0.0497143466623617,230
"admit","fasttrak",0.049092442629128,231
"admit","cc_Sx_psych",0.0472459606436045,232
"admit","hospcode_23",0.0472344243661531,233
"admit","CAUSE2_Y079",0.0456013525602561,234
"admit","cc_Sx_neuro",-0.04494647622354,235
"admit","`ETHIM_Hispanic or Latino`",0.0430720049884617,236
"admit","hospcode_116",-0.0429667491037175,237
"admit","hospcode_37",-0.0426923923940177,238
"admit","cc_Injuries",-0.0414793056603082,239
"admit","`AGER_45_64 years`",0.0406567659711553,240
"admit","cc_Sx_eyes_ears",-0.037048797917741,241
"admit","cc_Sx_genitourinary",0.0329083264392605,242
"admit","hospcode_103",0.0301463529550403,243
"admit","CAUSE1_W011",-0.0292033081580212,244
"admit","`RACERETH_Non_Hispanic Other`",0.0227989957536185,245
"admit","hospcode_92",0.0223903509681417,246
"admit","OSTPRSIS",-0.0221809327006138,247
"admit","region_northeast",0.0187627529849427,248
"admit","H811_no",-0.0144239715224525,249
"admit","hospcode_90",-0.014211762228221,250
"admit","cc_Sx_cardio_lymph",0.0119135329915194,251
"admit","hospcode_20",0.011138815391693,252
"admit","hospcode_3",-0.0107747723779549,253
"admit","cc_Procedure_complication",-0.00918067409749532,254
"admit","CAUSE3_Y849",-0.0088995786531065,255
"admit","C900_no",-0.00878487817880058,256
"admit","RESPR",0.00595995777176383,257
"admit","BPSYS",-0.00547859089348597,258
"admit","EDHIV",0.00529622071430191,259
"admit","PULSE",0.00128123812631193,260
"admit","LOV",0.000777330185167231,261
"admit","`ETHIM_Not Hispanic or Latino`",-7.47760578288259e-05,262
"discharge","CAUSE1_Y042",4.48007587544302,1
"discharge","hospcode_81",3.76977719450777,2
"discharge","CAUSE1_V879",3.58509889091819,3
"discharge","CAUSE1_V890",3.33171134674637,4
"discharge","hospcode_151",3.08661909364635,5
"discharge","hospcode_31",2.94142516776758,6
"discharge","hospcode_175",2.86111617615334,7
"discharge","hospcode_28",2.7455600718035,8
"discharge","CAUSE1_V480",2.69350191100308,9
"discharge","hospcode_38",-2.47500768171025,10
"discharge","J010_no",2.45840778994574,11
"discharge","CAUSE2_W009",2.42142979234664,12
"discharge","hospcode_22",2.37525611394421,13
"discharge","S621_no",2.20289503401278,14
"discharge","hospcode_180",2.18702990518409,15
"discharge","hospcode_8",2.17044696882096,16
"discharge","hospcode_27",2.14901060774861,17
"discharge","hospcode_138",2.13251678194935,18
"discharge","hospcode_16",2.00556583005112,19
"discharge","hospcode_33",1.99917011746853,20
"discharge","hospcode_79",1.97451109626758,21
"discharge","T404_yes",1.93162194639251,22
"discharge","hospcode_80",1.90497727846039,23
"discharge","N451_yes",1.88269495314386,24
"discharge","hospcode_64",1.85065081303388,25
"discharge","CAUSE1_Y289",1.84773858740649,26
"discharge","hospcode_47",1.80664356062567,27
"discharge","hospcode_14",1.7516340127854,28
"discharge","hospcode_13",1.75022036041352,29
"discharge","hospcode_149",1.74634632068044,30
"discharge","J111_yes",1.73132283151304,31
"discharge","H811_no",1.69182949502923,32
"discharge","CAUSE1_V294",-1.68382483285715,33
"discharge","CAUSE2_V001",1.64998016754723,34
"discharge","hospcode_165",1.64572111711086,35
"discharge","CAUSE2_Y937",1.57249052847936,36
"discharge","hospcode_141",-1.55875794198169,37
"discharge","hospcode_134",1.55370769272565,38
"discharge","hospcode_40",1.51653662277235,39
"discharge","CAUSE1_V866",1.51335458130549,40
"discharge","hospcode_174",1.50099508896931,41
"discharge","hospcode_135",1.47578706503529,42
"discharge","R098_no",1.47343363319599,43
"discharge","CAUSE1_W231",1.45064755082515,44
"discharge","CAUSE1_W550",1.44646416357729,45
"discharge","hospcode_173",1.37030384952325,46
"discharge","CAUSE1_W009",1.35210144810624,47
"discharge","hospcode_153",1.33348792061228,48
"discharge","hospcode_88",1.31856558023215,49
"discharge","hospcode_20",-1.31221670900047,50
"discharge","hospcode_181",1.27554437796982,51
"discharge","CAUSE1_V496",1.27179188199237,52
"discharge","hospcode_172",-1.26791858402334,53
"discharge","hospcode_93",1.24854637965134,54
"discharge","hospcode_3",1.23589098725225,55
"discharge","hospcode_85",-1.22888372259227,56
"discharge","hospcode_115",-1.20785577597887,57
"discharge","hospcode_188",1.18873489725425,58
"discharge","CAUSE2_Y93K",1.17463701942856,59
"discharge","CAUSE1_W293",1.16150148592984,60
"discharge","hospcode_34",1.15851222087565,61
"discharge","hospcode_30",1.14336327323132,62
"discharge","hospcode_136",1.1307520565464,63
"discharge","hospcode_131",-1.12730012985918,64
"discharge","hospcode_97",1.12565493278231,65
"discharge","B349_no",1.09051041642931,66
"discharge","hospcode_1",-1.05754330580799,67
"discharge","hospcode_144",1.04038295436905,68
"discharge","hospcode_171",-0.997739113893212,69
"discharge","CAUSE1_W450",0.997212680375721,70
"discharge","J111_no",0.977347230045316,71
"discharge","hospcode_83",0.970997426984706,72
"discharge","hospcode_187",-0.960133766803783,73
"discharge","hospcode_158",-0.947800104814776,74
"discharge","CAUSE1_V426",0.944630658803276,75
"discharge","CAUSE1_W51X",0.897800611820137,76
"discharge","hospcode_170",-0.886287395845235,77
"discharge","CAUSE1_W500",0.875912818651514,78
"discharge","hospcode_82",-0.861263084082937,79
"discharge","CAUSE1_X838",-0.85454547997406,80
"discharge","CAUSE2_Y921",0.852107957208595,81
"discharge","K590_no",0.840484784482868,82
"discharge","hospcode_10",0.828667089012597,83
"discharge","hospcode_98",-0.818959084806462,84
"discharge","S060_yes",0.810551462387238,85
"discharge","CAUSE2_Y93E",-0.791094895047272,86
"discharge","hospcode_17",-0.786457327059732,87
"discharge","hospcode_60",0.783847234682695,88
"discharge","cc_Eye_dz",0.752671421879777,89
"discharge","hospcode_92",-0.728420594084003,90
"discharge","SKINADH",0.697331121378385,91
"discharge","CAUSE2_Y938",-0.695301092465877,92
"discharge","hospcode_11",-0.690337618518772,93
"discharge","cc_Infectious_dz",0.686878307680364,94
"discharge","hospcode_107",0.680170161514951,95
"discharge","CAUSE1_W868",0.679326981361239,96
"discharge","hospcode_163",-0.669433554936773,97
"discharge","`RACEUN_Native Hawaiian/Oth Pac Isl Only`",0.657379784702487,98
"discharge","cc_Endocrine_metabolic",0.638025875096018,99
"discharge","hospcode_179",-0.631814916054135,100
"discharge","CENTLINE",-0.625386121445322,101
"discharge","(Intercept)",-0.621699847453782,102
"discharge","hospcode_43",0.613620485586858,103
"discharge","cc_Digestive_dz",-0.604928145150084,104
"discharge","R418_no",0.599386955166661,105
"discharge","PAYTYPER_Self_pay",0.587398916893923,106
"discharge","cc_Therapy_specific",0.586436210457934,107
"discharge","NEBUTHER",-0.567253460297758,108
"discharge","hospcode_109",0.560581557278675,109
"discharge","hospcode_132",-0.544644334293311,110
"discharge","cc_Procedure_complication",-0.530515963474411,111
"discharge","CAUSE3_Y990",-0.517948205455908,112
"discharge","hospcode_148",0.516108537088338,113
"discharge","hospcode_140",0.510398932767296,114
"discharge","F29_no",-0.508731914293835,115
"discharge","hospcode_4",-0.507556054134764,116
"discharge","CAD",-0.504750600866641,117
"discharge","CAUSE1_V180",0.50384840944158,118
"discharge","hospcode_52",0.487730931772126,119
"discharge","hospcode_62",-0.483980400958775,120
"discharge","hospcode_123",-0.472950590190027,121
"discharge","CAUSE1_V584",0.465867565082888,122
"discharge","`RACEUN_More than one race reported`",0.461872998510432,123
"discharge","Z038_no",0.455576807716086,124
"discharge","hospcode_101",0.449784893537516,125
"discharge","INTENT15_Unintentional",0.449502603817257,126
"discharge","hospcode_155",-0.446202194133035,127
"discharge","emred_unk",-0.442596619385514,128
"discharge","I269_no",-0.439810285777748,129
"discharge","hospcode_185",0.435762667747974,130
"discharge","IMMEDR_Nonurgent",0.429225230614693,131
"discharge","U071_yes",0.424534675857736,132
"discharge","CAUSE1_W540",-0.423789308468055,133
"discharge","hospcode_9",-0.409317731252332,134
"discharge","hospcode_169",0.397897657999033,135
"discharge","CAUSE1_W228",0.396954893506693,136
"discharge","L089_no",0.383987343913038,137
"discharge","CAUSE2_Y074",-0.369347061867785,138
"discharge","IMMEDR_Missing",-0.368806352882272,139
"discharge","CAUSE1_V475",-0.361535394585884,140
"discharge","catriage",0.358304193315878,141
"discharge","hospcode_105",-0.353907009743247,142
"discharge","CAUSE3_Y924",0.352560438319475,143
"discharge","cc_Mental_dz",-0.34034025056742,144
"discharge","hospcode_182",-0.336045407947277,145
"discharge","cc_Dx_tests",0.314417488893821,146
"discharge","IMMEDR_Semi_urgent",0.314330346150993,147
"discharge","hospcode_159",0.311433588091043,148
"discharge","cc_Sx_cardio_lymph",-0.298159928623907,149
"discharge","edptor",0.29448447832642,150
"discharge","K859_no",-0.29060401435635,151
"discharge","hospcode_119",-0.282528121490079,152
"discharge","CANCER",-0.275213481675055,153
"discharge","cc_Uncodable",-0.275082277852307,154
"discharge","hospcode_147",-0.266791530745951,155
"discharge","cc_Social_counseling",0.263817505421156,156
"discharge","I509_no",-0.255818050463361,157
"discharge","hospcode_42",0.255084641594947,158
"discharge","VMONTH_September",-0.251985178381764,159
"discharge","cc_Sx_genitourinary",-0.249597679029874,160
"discharge","CAUSE3_Y930",0.243492318722223,161
"discharge","CAUSE1_V449",0.236065930660033,162
"discharge","bedczar",-0.234094361674287,163
"discharge","CAUSE3_Y070",-0.233758259029184,164
"discharge","hospcode_70",-0.227304551566373,165
"discharge","hospcode_142",0.227198868435294,166
"discharge","hospcode_118",-0.224884030559844,167
"discharge","cc_Sx_eyes_ears",0.22485380063343,168
"discharge","CEBVD",-0.221680978981957,169
"discharge","ESRD",-0.217995767322717,170
"discharge","hospcode_59",-0.206940542276135,171
"discharge","hospcode_78",-0.202235522064692,172
"discharge","CAUSE1_W06X",0.193214814323626,173
"discharge","seen72",-0.190195108264173,174
"discharge","`AGER_75 years and over`",-0.187979533914094,175
"discharge","hospcode_99",0.186751714971794,176
"discharge","fasttrak",-0.178486865665892,177
"discharge","hospcode_160",0.177770933997372,178
"discharge","VMONTH_February",0.170864985036573,179
"discharge","hospcode_44",-0.168418045680457,180
"discharge","hospcode_75",0.168287858446685,181
"discharge","cc_Test_results",-0.166757124205033,182
"discharge","`RACEUN_White Only`",-0.162754823829823,183
"discharge","cc_Sx_psych",-0.162489977665833,184
"discharge","hospcode_129",0.159027819742661,185
"discharge","divhr_99",-0.157054166743443,186
"discharge","CAUSE1_X500",-0.156989902403255,187
"discharge","boardhos",-0.146656660675553,188
"discharge","CAUSE2_Y936",-0.144782072612147,189
"discharge","VDAYR_Thursday",-0.141734291137406,190
"discharge","CHF",-0.1319191758026,191
"discharge","ARREMS",-0.121272966710319,192
"discharge","VDAYR_Saturday",0.113234654672676,193
"discharge","VMONTH_December",0.111590213896661,194
"discharge","VMONTH_March",0.111038251597874,195
"discharge","hospcode_124",-0.110263301343379,196
"discharge","CAUSE1_V494",0.107975079472446,197
"discharge","hospcode_100",-0.103607288925814,198
"discharge","`AGER_65_74 years`",-0.101715746691638,199
"discharge","cc_Preventive",0.0973189112569291,200
"discharge","`RACEUN_Asian Only`",-0.094521369697657,201
"discharge","CAUSE2_Y924",-0.0890674015897187,202
"discharge","hospcode_36",0.0874618379657378,203
"discharge","COPD",-0.0802703800323625,204
"discharge","EDHIV",-0.0732018301762154,205
"discharge","hospcode_166",0.0722953905110884,206
"discharge","CKD",-0.0710218161048927,207
"discharge","INCDRAIN",-0.0696323003819421,208
"discharge","beddata_instant",-0.0671571731099948,209
"discharge","med_binary",0.0609437015032752,210
"discharge","PAYTYPER_Medicare",-0.0579068494268254,211
"discharge","hospcode_133",0.046652230354476,212
"discharge","cc_Blood_dz",0.0430273142896859,213
"discharge","`RACEUN_American Indian/Alaska Native Only`",0.0423157452226118,214
"discharge","IVFLUIDS",-0.0376071277211657,215
"discharge","HTN",-0.0326163688001926,216
"discharge","cc_Sx_neuro",0.0269528573517738,217
"discharge","NOCHRON",0.0268909873014617,218
"discharge","cc_Sx_skin_nails_hair",0.0229424708458813,219
"discharge","cc_sum",-0.0188327869546262,220
"discharge","hospcode_68",-0.0181215020938605,221
"discharge","TEMPF",0.0164908399178474,222
"discharge","cc_Exam_general",-0.0149362276686296,223
"discharge","`AGER_15_24 years`",0.0126678629068294,224
"discharge","n_med_er",-0.0118227214985243,225
"discharge","PAYTYPER_Missing",0.0082767531742922,226
"discharge","PULSE",-0.00580777859242482,227
"discharge","OSA",0.00519052417280999,228
"discharge","DEPRN",-0.00483929072951616,229
"discharge","CAUSE3_Y935",0.00179035784319188,230
"discharge","VDAYR_Wednesday",-0.0006764664514864,231
"discharge","LOV",-0.000252667862605564,232
"discharge","T424_yes",7.17071166946595e-14,233
"discharge","hhsmue_na",-3.13005767592696e-15,234
"left","CAUSE3_Y849",6.61068724545977,1
"left","CAUSE2_W500",3.5779283411997,2
"left","CAUSE1_W320",3.44245355110928,3
"left","hospcode_95",2.71773629410809,4
"left","CAUSE3_Y922",2.6967187376191,5
"left","CAUSE1_W541",2.40218438211247,6
"left","hospcode_159",2.36643264444355,7
"left","CAUSE1_Y280",2.15989536551433,8
"left","T828_no",1.93159936060572,9
"left","hospcode_67",1.71067884058117,10
"left","`RACEUN_More than one race reported`",-1.70564503648173,11
"left","CAUSE3_Y079",1.63318216750862,12
"left","CAUSE2_W278",1.62324514340374,13
"left","hospcode_46",1.61914886893413,14
"left","CAUSE2_W109",1.60905024244976,15
"left","med_binary",-1.55383455916168,16
"left","hospcode_11",1.51192520087963,17
"left","hospcode_186",-1.47782398004415,18
"left","hospcode_116",1.46971858599133,19
"left","hospcode_48",-1.44358634798605,20
"left","CAUSE1_Y00X",1.43135223759791,21
"left","T189_no",-1.33711472082098,22
"left","CAUSE1_Y998",1.28475009976738,23
"left","hospcode_37",1.28139563265556,24
"left","hospcode_23",1.25798075867991,25
"left","hospcode_49",1.2405215612043,26
"left","CAUSE1_V799",1.21894738740165,27
"left","CAUSE1_V134",1.21218417385447,28
"left","hospcode_188",1.17306524753364,29
"left","hospcode_184",-1.15637030490228,30
"left","hospcode_182",-1.13423766854102,31
"left","CAUSE2_Y990",-1.10058261690346,32
"left","`IMMEDR_Visit occurred in ESA that does not conduct nursing triage`",-1.0338601494061,33
"left","CAUSE1_Y249",1.00156072386017,34
"left","CAUSE1_W178",0.994197986189832,35
"left","hospcode_96",0.984704250062262,36
"left","hospcode_60",-0.946555833051866,37
"left","hospcode_29",0.938011076686784,38
"left","hospcode_110",0.925990990555614,39
"left","hospcode_112",-0.913254905971754,40
"left","`INJURY_ENC_Both initial and subsequent encounter codes present`",0.908350365371433,41
"left","hospcode_50",0.89448888258253,42
"left","cc_Social_counseling",-0.889523082577663,43
"left","hospcode_128",0.879655197043948,44
"left","CAUSE2_Y933",-0.878636014347866,45
"left","hospcode_180",-0.866340446367044,46
"left","hospcode_119",0.857418283976807,47
"left","hospcode_16",0.856224705526954,48
"left","hospcode_53",0.852859012102925,49
"left","IMMEDR_Immediate",-0.844260698844091,50
"left","CAUSE1_Y09_",0.842799644999367,51
"left","G439_no",0.841262811964946,52
"left","obsphysun_yes",0.840074099681009,53
"left","cc_Administrative",-0.827265060575996,54
"left","hospcode_59",0.824636460322469,55
"left","`AGER_Under 15 years`",-0.794713712890094,56
"left","ALZHD",-0.786537505255096,57
"left","Z202_no",0.771693088274298,58
"left","CAUSE2_Y924",-0.730579902883677,59
"left","hospcode_44",-0.713661358818801,60
"left","hospcode_17",0.68696107249233,61
"left","hospcode_21",0.670500386374293,62
"left","U071_yes",-0.668428624831222,63
"left","hospcode_165",0.659495459502803,64
"left","cc_Progress_visit",0.655546765260321,65
"left","cc_Uncodable",0.639514542052836,66
"left","CAUSE2_Y075",-0.636360377096559,67
"left","CAUSE2_W220",0.632785314653785,68
"left","K859_no",0.630517318247927,69
"left","hospcode_1",-0.629492680444986,70
"left","hospcode_134",-0.622629577094261,71
"left","hospcode_133",-0.566549370741637,72
"left","hospcode_94",0.555690827793413,73
"left","hospcode_38",-0.533110098843526,74
"left","R202_no",-0.531390037423552,75
"left","K590_no",-0.507751260775422,76
"left","hospcode_108",0.49038689958396,77
"left","SUBSTAB",0.488296330079149,78
"left","`PAYTYPER_No charge/Charity`",0.480901431154224,79
"left","hospcode_85",0.470941242185593,80
"left","PAYTYPER_Self_pay",0.463450557382389,81
"left","hospcode_77",0.440560978271146,82
"left","hospcode_129",-0.433055259229025,83
"left","K579_no",-0.430064482294256,84
"left","U071_no",-0.42467915570488,85
"left","CAUSE1_Y048",0.418371167680813,86
"left","hospcode_68",0.405690778306938,87
"left","CAUSE1_W868",-0.401959039444822,88
"left","CAUSE1_W228",-0.394381776601126,89
"left","CAUSE1_W208",-0.391704577060667,90
"left","T509_no",-0.39046377813578,91
"left","hospcode_65",-0.389336317900436,92
"left","hospcode_109",-0.370005160810316,93
"left","hospcode_155",0.362593548486091,94
"left","`PAYTYPER_All sources of payment are blank`",0.351476551451894,95
"left","hospcode_132",0.342573325462159,96
"left","PAYTYPER_Missing",0.340860893889453,97
"left","PROC",-0.334275534538489,98
"left","hospcode_185",-0.33134288868535,99
"left","edinfo_unk",0.325216977742464,100
"left","CAUSE1_W109",-0.312380921053898,101
"left","cc_Therapy_specific",-0.30774190223831,102
"left","cc_Ear_dz",0.300739629686364,103
"left","catriage",0.297637422355829,104
"left","hospcode_79",-0.289655387542152,105
"left","hospcode_27",-0.28713887247103,106
"left","cc_Poisoning",0.279218631499031,107
"left","`AGER_75 years and over`",-0.261797441098032,108
"left","cc_Skin_dz",-0.252013743501782,109
"left","L031_no",-0.24519468466539,110
"left","J111_no",-0.244986269738798,111
"left","`ETHIM_Hispanic or Latino`",-0.244513345573534,112
"left","obshosp_no",-0.243569145758307,113
"left","hospcode_20",0.237957065459088,114
"left","CAUSE1_V435",0.233658161871216,115
"left","`RACERETH_Non_Hispanic Black`",0.227645818339732,116
"left","`AGER_45_64 years`",0.224509885116478,117
"left","hospcode_19",-0.219949893051034,118
"left","region_south",0.217983126697428,119
"left","cc_Congenital",-0.21140008705124,120
"left","hospcode_148",0.210463700532596,121
"left","PAYTYPER_Other",-0.207163561345338,122
"left","`AGER_25_44 years`",0.192033788161003,123
"left","`RACEUN_Asian Only`",-0.183467193290666,124
"left","(Intercept)",0.180685021693735,125
"left","CAUSE1_W050",-0.180426516121305,126
"left","hospcode_66",-0.169016879692919,127
"left","wireless",0.168623558555588,128
"left","bedreg",0.168484359168464,129
"left","CKD",-0.168382619780776,130
"left","`PAYTYPER_Private insurance`",-0.15805971202653,131
"left","hospcode_43",-0.15024238781569,132
"left","seen72",0.137879352907118,133
"left","hospcode_25",0.137296588655729,134
"left","cc_Sx_eyes_ears",0.137265100319079,135
"left","hospcode_127",0.135510995257137,136
"left","cc_Sx_respiratory",0.128459956230627,137
"left","DEPRN",-0.126484027580699,138
"left","hospcode_104",-0.123009545282905,139
"left","hospcode_161",0.121499630930207,140
"left","board",0.109144611174132,141
"left","hospcode_123",0.105315861525361,142
"left","hospcode_14",-0.102847928820629,143
"left","CAUSE1_V475",0.101219630724504,144
"left","edinfo_no",-0.100148442420082,145
"left","cc_Exam_general",-0.0844842964996085,146
"left","hospcode_166",0.0835525010576037,147
"left","hospcode_122",0.0833888047433928,148
"left","Z208_no",-0.0816426843012108,149
"left","VMONTH_September",0.0804275231460796,150
"left","INJURY_ENC_No",0.076054784906167,151
"left","CAUSE1_V494",0.0743093235462935,152
"left","VDAYR_Saturday",-0.07427821653951,153
"left","hospcode_174",-0.0693678978499047,154
"left","SEX_Female",0.062263057975597,155
"left","VDAYR_Sunday",0.0612098359881431,156
"left","hhsmue_unk",-0.0574653833288694,157
"left","ETOHAB",0.0490152151417912,158
"left","hospcode_87",-0.0391072631426536,159
"left","CAD",0.0276211663106307,160
"left","incphys",0.0236846610932811,161
"left","VDAYR_Friday",-0.0223137648179993,162
"left","regdiv",0.0220005714167339,163
"left","hospcode_30",-0.01798578474647,164
"left","region_west",-0.0178082127920857,165
"left","hospcode_88",-0.0170602457509344,166
"left","cc_Procedure_complication",0.0155278597064847,167
"left","VDAYR_Monday",0.0139846891617834,168
"left","CAUSE2__9",0.0100068760071335,169
"left","`ETHIM_Not Hispanic or Latino`",0.0053413667255564,170
"left","RACERETH_Hispanic",-0.00499488047063481,171
"left","HTN",-0.00485817598698078,172
"left","BPDIAS",0.00452973832948082,173
"left","hospcode_173",-0.00400705839758095,174
"left","obsphysed_yes",-0.000840105994565582,175
"left","SEX_Male",-0.000393119729874371,176
"returned","hospcode_166",-4.59549387085973,1
"returned","CAUSE1_X088",3.76125417314725,2
"returned","hospcode_126",3.68966780557282,3
"returned","hospcode_74",3.5018658531948,4
"returned","hospcode_145",3.41236034716667,5
"returned","CAUSE1_W555",3.38131932982233,6
"returned","hospcode_35",3.21284652757068,7
"returned","hospcode_57",3.06014065700723,8
"returned","hospcode_4",3.05822462925383,9
"returned","hospcode_148",-3.00242741116003,10
"returned","hospcode_128",2.96135334952156,11
"returned","hospcode_108",2.86505404774193,12
"returned","hospcode_1",2.84417871705682,13
"returned","hospcode_130",2.80597497165368,14
"returned","hospcode_25",2.75609241857093,15
"returned","hospcode_152",-2.69741183615712,16
"returned","cc_Eye_dz",-2.6747061493633,17
"returned","hospcode_5",2.65774276384465,18
"returned","CAUSE2_W501",2.65738438842082,19
"returned","hospcode_173",-2.64152015507397,20
"returned","hospcode_155",-2.56245805912228,21
"returned","hospcode_58",2.48777391301049,22
"returned","hospcode_188",-2.46852096701072,23
"returned","T780_yes",2.4543542647518,24
"returned","hospcode_105",2.44790054685724,25
"returned","K37_no",-2.35314708038375,26
"returned","CAUSE1_V031",2.3310807402966,27
"returned","hospcode_175",-2.31183506448852,28
"returned","CAUSE1_W558",2.20307962256541,29
"returned","region_west",2.19768278819869,30
"returned","CAUSE1_W550",-2.16968774305993,31
"returned","CAUSE3_Y938",2.15910698383423,32
"returned","hospcode_70",2.15642705004779,33
"returned","hospcode_174",2.15355517941981,34
"returned","hospcode_60",2.14043233557882,35
"returned","hospcode_116",2.13909164625147,36
"returned","hospcode_131",2.13613637103599,37
"returned","hospcode_19",2.11327278665494,38
"returned","hospcode_163",2.09693611904972,39
"returned","hospcode_132",2.09258205945735,40
"returned","CAUSE2_Y070",-1.99206931007096,41
"returned","hospcode_167",1.97628901115291,42
"returned","hospcode_186",-1.97067509320693,43
"returned","CAUSE1_W548",1.94196741517785,44
"returned","CAUSE2_W548",1.93200025725133,45
"returned","CAUSE2_Y933",1.85280572816277,46
"returned","hospcode_162",1.84430091601223,47
"returned","hospcode_82",1.83250429901339,48
"returned","CAUSE1_W11X",1.79684260494519,49
"returned","hospcode_78",1.76198563172312,50
"returned","hospcode_117",1.74279522663157,51
"returned","CAUSE1_V030",1.69470804849636,52
"returned","hospcode_183",-1.64154470282455,53
"returned","hospcode_161",-1.60921630454861,54
"returned","hospcode_44",1.60604605103043,55
"returned","`INJURY_ENC_Sequela encounter for injury`",-1.60471622589861,56
"returned","INCDRAIN",1.50626056239316,57
"returned","hospcode_101",-1.49647066166409,58
"returned","CAUSE2_Y93K",-1.48287502938827,59
"returned","hospcode_36",-1.47741531176621,60
"returned","CAUSE1_Y848",1.47691548529455,61
"returned","hospcode_98",1.4704997025073,62
"returned","K859_no",-1.43202031812923,63
"returned","hospcode_149",-1.41205616687021,64
"returned","hospcode_90",-1.38682779037295,65
"returned","O758_yes",1.37226622199206,66
"returned","E116_no",-1.3662384205887,67
"returned","cc_Congenital",-1.35620527857632,68
"returned","CAUSE1_Y938",1.34235776134253,69
"returned","hospcode_168",-1.33944755596822,70
"returned","hospcode_118",1.30363494994627,71
"returned","H811_no",1.28770597729192,72
"returned","hospcode_93",1.26569626847949,73
"returned","hospcode_113",-1.25663039111255,74
"returned","CAUSE3_Y070",1.22933592791396,75
"returned","B349_no",1.20956626953297,76
"returned","S060_no",1.19411076815562,77
"returned","hospcode_165",-1.14745725322906,78
"returned","CAUSE1_V535",1.0796228764085,79
"returned","SUTURE",1.04522816484818,80
"returned","hospcode_140",-1.04444199498161,81
"returned","R569_yes",1.03472861355411,82
"returned","CAUSE1_W541",-1.02982373731449,83
"returned","hospcode_104",1.02765085628431,84
"returned","Z203_no",1.0245807888417,85
"returned","cc_Administrative",-1.01520832423232,86
"returned","hospcode_66",0.998219187174549,87
"returned","hospcode_51",-0.996398452529548,88
"returned","CAUSE2_W51X",0.986242049824257,89
"returned","CAUSE1_W293",-0.97447751493627,90
"returned","hospcode_129",0.967817841215823,91
"returned","hospcode_157",-0.960173519869006,92
"returned","hospcode_37",0.935520057277213,93
"returned","CAUSE3_Y921",0.909385415728036,94
"returned","CAUSE2_Y074",0.900148573072382,95
"returned","T404_no",-0.895646968910337,96
"returned","hospcode_150",-0.884052440783934,97
"returned","hospcode_123",0.881336347121409,98
"returned","CAUSE1_X31X",0.880583832582354,99
"returned","CAUSE2_Y921",-0.861092154400917,100
"returned","CAUSE1_Y249",0.854548173051414,101
"returned","R202_no",0.847758128538636,102
"returned","CAUSE1_W57X",0.833447640669915,103
"returned","CAUSE1_V495",-0.794956635533745,104
"returned","CAUSE1_V475",-0.786650098014627,105
"returned","hospcode_23",-0.783653518654942,106
"returned","hospcode_125",0.773557434001813,107
"returned","F121_no",0.7727148790024,108
"returned","CAUSE1_V294",0.758005980456904,109
"returned","hospcode_88",0.752413288556173,110
"returned","SKINADH",0.736121440808218,111
"returned","CASTSPLINT",0.716371047571634,112
"returned","S560_yes",0.712910615803029,113
"returned","hospcode_153",0.711942307673207,114
"returned","CAUSE3_Y922",-0.711010076444878,115
"returned","zonenurs",-0.707705194966187,116
"returned","hospcode_147",0.694360588595876,117
"returned","LUMBAR",-0.688886795675473,118
"returned","hospcode_17",0.676864564293002,119
"returned","hospcode_39",0.674582356617257,120
"returned","hospcode_178",0.670969846331254,121
"returned","CAUSE1_W220",0.663919575715169,122
"returned","T407_no",0.64318357864374,123
"returned","CAUSE3_Y930",-0.63944319902451,124
"returned","hospcode_172",0.637336272061228,125
"returned","obsphysot_no",-0.623909969802218,126
"returned","CAUSE2_Y075",0.611515690473656,127
"returned","hospcode_55",-0.609908021759082,128
"returned","CAUSE1_W69X",0.604453244503052,129
"returned","hospcode_80",-0.593642913430863,130
"returned","CAUSE2_W180",0.578231283060279,131
"returned","hospcode_107",-0.577325153900663,132
"returned","hospcode_42",-0.572676365811667,133
"returned","T780_no",0.562778937211309,134
"returned","hospcode_103",-0.562252262886595,135
"returned","hospcode_109",0.561207133153571,136
"returned","CAUSE1_W312",0.55859342599529,137
"returned","`RACEUN_Native Hawaiian/Oth Pac Isl Only`",-0.54533871548261,138
"returned","CAUSE2_Y924",0.539399559869833,139
"returned","CAUSE1_W540",0.537831428544016,140
"returned","hospcode_169",-0.528400662479438,141
"returned","hospcode_156",0.489440544363164,142
"returned","hospcode_119",-0.488692394946207,143
"returned","hospcode_72",-0.464676960411701,144
"returned","BPAP",-0.46022984712436,145
"returned","`PAYTYPER_No charge/Charity`",-0.45873838940427,146
"returned","CAUSE1_W180",0.458686292543564,147
"returned","hospcode_179",0.458229425600985,148
"returned","hospcode_184",0.457702465560129,149
"returned","obsphysed_notmarked",-0.456366278254082,150
"returned","I213_no",-0.452298081824686,151
"returned","hospcode_164",0.440987485174099,152
"returned","obshosp_yes",-0.434534752309374,153
"returned","CAUSE2__9",-0.431585162676577,154
"returned","regdiv",0.428414223174624,155
"returned","cc_Exam_special",-0.418897704602742,156
"returned","ENDOINT",-0.410583572946882,157
"returned","CAUSE2_Y938",0.373546156460197,158
"returned","hospcode_159",-0.371676196835485,159
"returned","med_binary",0.366244618871379,160
"returned","`RACEUN_Black/African American Only`",0.3539546756814,161
"returned","J980_no",0.346763003988159,162
"returned","CAD",-0.345188002284713,163
"returned","J459_yes",0.344600691325363,164
"returned","hhsmue_unk",0.343956654984029,165
"returned","`RACERETH_Non_Hispanic Other`",-0.343466541957976,166
"returned","K590_no",0.324580794262257,167
"returned","OSTPRSIS",-0.320926150579386,168
"returned","R188_no",-0.317752388991118,169
"returned","hospcode_182",0.317273502335402,170
"returned","VMONTH_June",0.300022536167235,171
"returned","CAUSE1_W07X",-0.29509683332705,172
"returned","cc_Nervous_dz",0.289867880671364,173
"returned","CAUSE1_V494",-0.28616223697154,174
"returned","CAUSE1_W260",0.268837114208355,175
"returned","hospcode_11",-0.263661023071963,176
"returned","CAUSE1_X500",0.257130440105162,177
"returned","`PAYTYPER_Worker's compensation`",0.25103987647902,178
"returned","hospcode_87",-0.239822301844963,179
"returned","hospcode_52",-0.232503112564752,180
"returned","N133_no",0.231016011737774,181
"returned","region_northeast",-0.229789058374332,182
"returned","CAUSE2_Y040",-0.226699245683897,183
"returned","hospcode_138",-0.224189196367191,184
"returned","CAUSE2_Y930",0.216963208910135,185
"returned","hospcode_143",-0.211528258315017,186
"returned","cc_Medications",0.200670472233705,187
"returned","hospcode_181",-0.197055929044055,188
"returned","CAUSE1_V865",-0.190583154078285,189
"returned","cc_Periop_care",0.187778286322223,190
"returned","hlisted",0.185662605607047,191
"returned","CAUSE1_W60X",0.185027929083106,192
"returned","hospcode_3",0.182019145200373,193
"returned","CAUSE2_Y990",0.179707966199917,194
"returned","hospcode_41",-0.17008723433933,195
"returned","hospcode_10",-0.169484262489199,196
"returned","n_med_dis",0.166746425820187,197
"returned","CAUSE1_W182",0.165031733390292,198
"returned","cc_Skin_dz",0.155389307746467,199
"returned","PAYTYPER_Missing",-0.146565593021197,200
"returned","IMMEDR_Emergent",-0.143152966544122,201
"returned","CAUSE2_Y00X",0.136509733806613,202
"returned","hospcode_158",0.135757141394015,203
"returned","hospcode_99",-0.131356357208683,204
"returned","VMONTH_August",0.13066888730096,205
"returned","CAUSE2_Y935",-0.130428170984578,206
"returned","CAUSE2_W010",0.130190217734351,207
"returned","cc_Perinatal",0.123197309242163,208
"returned","OBESITY",-0.122893567118772,209
"returned","cc_Sx_digestive",0.119222237186911,210
"returned","VDAYR_Saturday",-0.0987266307882103,211
"returned","hospcode_146",0.0919615610465996,212
"returned","DIABTYP2",-0.0856766577765314,213
"returned","Z208_no",0.0838632171607279,214
"returned","CEBVD",-0.0831450715999036,215
"returned","hospcode_73",-0.0798849800252017,216
"returned","ARREMS",-0.0787764637452832,217
"returned","hospcode_33",-0.0720502861161882,218
"returned","HYPLIPID",-0.0705753664521619,219
"returned","VDAYR_Sunday",-0.0669385021373597,220
"returned","ASTHMA",0.0644802222376094,221
"returned","cc_Test_results",-0.0599487204413086,222
"returned","hospcode_115",0.0570447630463596,223
"returned","CHF",-0.0555168983019514,224
"returned","hospcode_56",0.0546985186329411,225
"returned","CAUSE1_W230",0.0539800409256377,226
"returned","U071_no",0.0495328477487742,227
"returned","catriage",-0.0482709464243209,228
"returned","CAUSE1_W183",-0.0467791555208188,229
"returned","VDAYR_Monday",-0.044556090115162,230
"returned","CAUSE1_W208",0.0437589701503212,231
"returned","IMMEDR_Missing",-0.0432282544514353,232
"returned","IVFLUIDS",-0.0430560491929247,233
"returned","CAUSE2_Y076",0.0410036015241098,234
"returned","cc_Injury_cause_status",-0.0358502893646386,235
"returned","seen72",-0.0341484931648409,236
"returned","cc_Sx_neuro",0.0289298408459384,237
"returned","`PAYTYPER_Private insurance`",0.0247313990784029,238
"returned","cc_sum",0.0238938952030433,239
"returned","(Intercept)",-0.0234597741320178,240
"returned","hospcode_120",-0.0219679982612732,241
"returned","DIABTYP0",-0.0161869373384747,242
"returned","hospcode_170",0.0160382047716655,243
"returned","RESPR",-0.0129040996012182,244
"returned","INJURY72_No",-0.00860757205516232,245
"returned","CAUSE3_Y936",0.00481026453445322,246
"returned","CAUSE2_W228",-0.00163454923446059,247
"returned","BPSYS",0.00099821978836865,248
"returned","BPDIAS",0.000702542701384108,249
"returned","`INJURY_ENC_Subsequent encounter for injury`",-0.000112616742454237,250
"returned","row_id",8.20934963519787e-05,251
"returned","LOV",-6.71076727100526e-05,252
"transfer","hospcode_151",3.88382857986795,1
"transfer","CAUSE1_W541",3.51921934621747,2
"transfer","CAUSE1_W160",3.49357770685603,3
"transfer","CAUSE1_W04X",3.44744341743496,4
"transfer","CAUSE1_W172",3.41422293137299,5
"transfer","cc_Ear_dz",3.11328194404097,6
"transfer","hospcode_114",3.05371111113426,7
"transfer","CAUSE1_V282",2.99289831725549,8
"transfer","CAUSE1_V003",2.97402066918384,9
"transfer","hospcode_94",2.87965469321946,10
"transfer","hospcode_102",2.85419371658941,11
"transfer","C900_no",2.74556608414462,12
"transfer","CAUSE1_X789",2.62509778092009,13
"transfer","CAUSE2_X789",2.61295977601632,14
"transfer","K358_no",2.46597829183339,15
"transfer","CAUSE1_W552",2.39194074743544,16
"transfer","M008_no",2.38846855745696,17
"transfer","CAUSE2_X781",2.38722805522332,18
"transfer","hospcode_49",2.13132210182749,19
"transfer","I213_no",2.07081209166533,20
"transfer","hospcode_96",2.06431918581809,21
"transfer","hospcode_145",1.99847562329939,22
"transfer","K566_no",1.93523694526691,23
"transfer","hospcode_54",1.90889790881112,24
"transfer","CAUSE3_Y070",1.90500239152597,25
"transfer","(Intercept)",1.85130632087844,26
"transfer","hospcode_185",1.79169754118683,27
"transfer","hospcode_135",1.76652180666736,28
"transfer","hospcode_29",1.71871181452457,29
"transfer","hospcode_95",1.70720568474635,30
"transfer","hospcode_168",1.6088652091182,31
"transfer","hospcode_73",1.58913206790988,32
"transfer","hospcode_139",1.57539335583981,33
"transfer","hospcode_169",1.5535158597444,34
"transfer","hospcode_4",1.54053318082598,35
"transfer","hospcode_126",1.53889477926332,36
"transfer","CAUSE2_X810",1.51887727904033,37
"transfer","CAUSE1_W06X",1.51505168939358,38
"transfer","hospcode_137",1.50738187397174,39
"transfer","F29_no",1.49366732740446,40
"transfer","hospcode_1",1.40551856706936,41
"transfer","hospcode_61",1.4045239045658,42
"transfer","cc_Exam_general",1.39797071247622,43
"transfer","hospcode_120",1.38109789575728,44
"transfer","hospcode_173",1.37859474046005,45
"transfer","R188_no",1.32438527110232,46
"transfer","hospcode_76",1.26019485396957,47
"transfer","hospcode_113",1.22506146817874,48
"transfer","CAUSE1_W011",1.20290152691285,49
"transfer","CAUSE1_W184",1.19431778458632,50
"transfer","CAUSE1_X838",1.16195060463519,51
"transfer","hospcode_99",1.1566558774219,52
"transfer","hospcode_86",1.06053086958986,53
"transfer","hospcode_52",1.00254448432386,54
"transfer","hospcode_180",0.98219941308475,55
"transfer","hospcode_75",0.971229788411407,56
"transfer","hospcode_26",0.969922466087827,57
"transfer","J218_no",0.962224668478391,58
"transfer","`PAYTYPER_No charge/Charity`",0.936339018018282,59
"transfer","ALZHD",0.920462955721821,60
"transfer","Z038_no",-0.895375878373878,61
"transfer","hospcode_48",0.892338083849742,62
"transfer","CAUSE1_W228",0.8511485758047,63
"transfer","cc_Sx_psych",0.799903495892426,64
"transfer","hospcode_78",0.755033270997991,65
"transfer","N133_no",-0.728960185454415,66
"transfer","hospcode_83",0.708528141949694,67
"transfer","IMMEDR_Emergent",0.694166918016017,68
"transfer","G439_no",-0.683344852604317,69
"transfer","hospcode_182",0.677842585432519,70
"transfer","IMMEDR_Semi_urgent",-0.668019392813051,71
"transfer","hospcode_121",0.667220416427622,72
"transfer","cc_Med_counseling",0.659435009200041,73
"transfer","hospcode_16",-0.658966383039478,74
"transfer","ARREMS",0.653216922661486,75
"transfer","CAUSE3_Y920",-0.646205741660485,76
"transfer","I639_no",0.638810974202775,77
"transfer","K37_no",0.601006558266116,78
"transfer","hospcode_164",0.594633524191249,79
"transfer","MSA",-0.52819604763796,80
"transfer","PELVIC",-0.519050688828961,81
"transfer","CAUSE1_W231",0.505352778068005,82
"transfer","CAUSE2_Y070",0.487219528441316,83
"transfer","CAUSE2_W220",-0.484305977550764,84
"transfer","`AGER_75 years and over`",0.478831805526251,85
"transfer","hospcode_63",0.467543726174722,86
"transfer","R569_no",0.44438629071367,87
"transfer","CAUSE2_W228",0.440551831760468,88
"transfer","`RACEUN_American Indian/Alaska Native Only`",0.419810623235079,89
"transfer","hospcode_17",-0.405321407903255,90
"transfer","CAUSE2_W010",0.402021458997039,91
"transfer","CKD",0.396459397673223,92
"transfer","cc_Sx_general",-0.381124752899411,93
"transfer","rfid",-0.369824044825709,94
"transfer","TOTPROC",0.35420900867816,95
"transfer","hospcode_175",0.351503739101437,96
"transfer","CAUSE1_V193",0.33880371781418,97
"transfer","BLADCATH",0.326565637073954,98
"transfer","PAYTYPER_Medicare",0.321650818795736,99
"transfer","obshosp_yes",0.316670574465682,100
"transfer","VMONTH_March",0.311623213047869,101
"transfer","hospcode_64",0.301510156373827,102
"transfer","CAUSE2_Y920",-0.29645681008343,103
"transfer","DEPRN",0.285312311238062,104
"transfer","divhr_unk",-0.28379352647032,105
"transfer","hospcode_87",0.276331357955844,106
"transfer","CEBVD",0.276327985095873,107
"transfer","T509_no",0.271404201392759,108
"transfer","CAUSE2_Y921",0.258921894904536,109
"transfer","VMONTH_January",-0.255558950338915,110
"transfer","cc_Injury_cause_status",0.253556071675713,111
"transfer","INTENT15_Intentional",0.24347398792504,112
"transfer","hhsmue_yes",-0.243145144275894,113
"transfer","emedres",-0.238523971835054,114
"transfer","hospcode_140",-0.228230424465087,115
"transfer","CAUSE3_Y923",0.22269857776207,116
"transfer","hospcode_66",-0.217336650168594,117
"transfer","NOCHRON",-0.209689439541185,118
"transfer","cc_Blood_dz",-0.205573687042841,119
"transfer","`IMMEDR_No triage for this visit but ESA does conduct triage`",0.203926398875776,120
"transfer","hospcode_98",0.201752385490862,121
"transfer","IMMEDR_Nonurgent",-0.200215428720529,122
"transfer","cc_Progress_visit",-0.189419526006056,123
"transfer","hospcode_142",-0.186822703777993,124
"transfer","cc_Sx_musculoskeletal",-0.149936568239133,125
"transfer","CAUSE1_W050",0.14634110784993,126
"transfer","hospcode_103",-0.134348702345218,127
"transfer","hospcode_101",-0.13124880776572,128
"transfer","`RACEUN_Asian Only`",0.11535845141136,129
"transfer","U071_no",-0.114050422581682,130
"transfer","obsphysot_no",0.113869846588447,131
"transfer","cc_Sx_digestive",-0.108295183291322,132
"transfer","cc_Administrative",0.107423432283754,133
"transfer","n_med_er",0.0956189557185507,134
"transfer","R418_no",-0.0930158963303445,135
"transfer","OSTPRSIS",0.0924106597173537,136
"transfer","hospcode_150",-0.086894007854528,137
"transfer","`AGER_45_64 years`",-0.0846415890366214,138
"transfer","hospcode_11",0.0778414188821529,139
"transfer","hospcode_106",0.0680024782185598,140
"transfer","cc_Test_results",0.0646304441130428,141
"transfer","VDAYR_Saturday",0.059475576219484,142
"transfer","cc_Exam_special",0.0593648192619474,143
"transfer","CAUSE1_V494",-0.0536114930436874,144
"transfer","F121_no",0.0418410775462649,145
"transfer","edinfo_no",0.0393231505929668,146
"transfer","ETOHAB",-0.033784624417283,147
"transfer","regdiv",-0.0328478947865217,148
"transfer","beddata_instant",-0.0320429297309711,149
"transfer","hospcode_44",0.0292585605535514,150
"transfer","CHF",0.0264427564674942,151
"transfer","TEMPF",-0.0253697389978351,152
"transfer","hospcode_134",0.0252908282154582,153
"transfer","SEX_Female",-0.0245515451792348,154
"transfer","divhr_499",-0.0189710032520668,155
"transfer","VDAYR_Friday",0.0168613207747098,156
"transfer","VMONTH_April",-0.0145409930159377,157
"transfer","med_binary",-0.0135750379629117,158
"transfer","hlist",-0.0127286685974943,159
"transfer","surgday",-0.0110839131664416,160
"transfer","obssep",0.00982946727840445,161
"transfer","seen72",0.007320003575322,162
"transfer","DIABTYP2",0.00560377063154685,163
"transfer","BPDIAS",-0.0011169829635912,164
"transfer","hospcode_69",-0.000888892330557608,165
"transfer","LOV",0.000718803888804801,166
"transfer","SEX_Male",0.000238338090724679,167
